text,vocab_size,characters,utf8_bytes,tokens,tokens_per_character,bytes_per_token
news_english,8192,1803,1819,483,0.26788685524126454,3.7660455486542443
news_english,32768,1803,1819,406,0.22518025513033832,4.480295566502463
non_english_korean,8192,383,893,852,2.224543080939948,1.0481220657276995
non_english_korean,32768,383,893,739,1.9295039164490861,1.2083897158322057
source_code,8192,1259,1259,495,0.3931691818903892,2.5434343434343436
source_code,32768,1259,1259,397,0.3153296266878475,3.1712846347607053
math_latex,8192,1828,1834,1082,0.5919037199124726,1.6950092421441774
math_latex,32768,1828,1834,911,0.49835886214442016,2.013172338090011
science_english,8192,1098,1112,306,0.2786885245901639,3.633986928104575
science_english,32768,1098,1112,244,0.2222222222222222,4.557377049180328
