vocab_size,split,step,tokens_seen,bpb
8192,train,1,131072,3.203851
8192,train,2,262144,3.210851
8192,train,3,393216,3.220919
8192,train,4,524288,3.253738
8192,train,5,655360,3.175531
8192,train,6,786432,3.188929
8192,train,7,917504,3.166035
8192,train,8,1048576,3.127933
8192,train,9,1179648,3.095494
8192,train,10,1310720,3.032848
8192,train,11,1441792,2.975544
8192,train,12,1572864,2.880337
8192,train,13,1703936,2.791692
8192,train,14,1835008,2.731641
8192,train,15,1966080,2.671656
8192,train,16,2097152,2.607123
8192,train,17,2228224,2.531164
8192,train,18,2359296,2.447443
8192,train,19,2490368,2.427829
8192,train,20,2621440,2.346458
8192,train,21,2752512,2.371748
8192,train,22,2883584,2.349789
8192,train,23,3014656,2.265063
8192,train,24,3145728,2.256653
8192,train,25,3276800,2.259751
8192,train,26,3407872,2.16782
8192,train,27,3538944,2.193766
8192,train,28,3670016,2.18364
8192,train,29,3801088,2.147122
8192,train,30,3932160,2.128749
8192,train,31,4063232,2.103136
8192,train,32,4194304,2.127404
8192,train,33,4325376,2.081582
8192,train,34,4456448,2.115203
8192,train,35,4587520,2.04717
8192,train,36,4718592,2.044366
8192,train,37,4849664,2.062796
8192,train,38,4980736,2.02078
8192,train,39,5111808,2.027465
8192,train,40,5242880,2.009997
8192,train,41,5373952,2.008308
8192,train,42,5505024,2.028435
8192,train,43,5636096,1.992401
8192,train,44,5767168,1.956282
8192,train,45,5898240,1.99399
8192,train,46,6029312,2.004232
8192,train,47,6160384,2.005152
8192,train,48,6291456,1.953575
8192,train,49,6422528,1.970149
8192,train,50,6553600,1.944419
8192,train,51,6684672,1.972502
8192,train,52,6815744,1.926269
8192,train,53,6946816,1.975547
8192,train,54,7077888,1.965343
8192,train,55,7208960,1.94614
8192,train,56,7340032,1.917324
8192,train,57,7471104,1.956548
8192,train,58,7602176,1.961852
8192,train,59,7733248,1.963013
8192,train,60,7864320,1.886229
8192,train,61,7995392,1.883615
8192,train,62,8126464,1.897351
8192,train,63,8257536,1.927151
8192,train,64,8388608,1.927461
8192,train,65,8519680,1.906189
8192,train,66,8650752,1.882526
8192,train,67,8781824,1.908348
8192,train,68,8912896,1.914695
8192,train,69,9043968,1.899015
8192,train,70,9175040,1.876466
8192,train,71,9306112,1.894018
8192,train,72,9437184,1.85101
8192,train,73,9568256,1.856653
8192,train,74,9699328,1.838317
8192,train,75,9830400,1.861579
8192,train,76,9961472,1.854591
8192,train,77,10092544,1.85505
8192,train,78,10223616,1.839235
8192,train,79,10354688,1.828766
8192,train,80,10485760,1.844286
8192,train,81,10616832,1.844047
8192,train,82,10747904,1.854861
8192,train,83,10878976,1.785282
8192,train,84,11010048,1.816904
8192,train,85,11141120,1.841326
8192,train,86,11272192,1.812737
8192,train,87,11403264,1.835937
8192,train,88,11534336,1.7765
8192,train,89,11665408,1.805833
8192,train,90,11796480,1.831933
8192,train,91,11927552,1.776412
8192,train,92,12058624,1.813778
8192,train,93,12189696,1.773134
8192,train,94,12320768,1.782033
8192,train,95,12451840,1.771478
8192,train,96,12582912,1.755124
8192,train,97,12713984,1.784511
8192,train,98,12845056,1.730613
8192,train,99,12976128,1.746674
8192,train,100,13107200,1.730837
8192,train,101,13238272,1.772047
8192,train,102,13369344,1.765422
8192,train,103,13500416,1.766886
8192,train,104,13631488,1.758076
8192,train,105,13762560,1.711008
8192,train,106,13893632,1.760786
8192,train,107,14024704,1.76007
8192,train,108,14155776,1.742864
8192,train,109,14286848,1.7309
8192,train,110,14417920,1.735306
8192,train,111,14548992,1.733903
8192,train,112,14680064,1.761739
8192,train,113,14811136,1.73538
8192,train,114,14942208,1.718409
8192,train,115,15073280,1.745
8192,train,116,15204352,1.723368
8192,train,117,15335424,1.757993
8192,train,118,15466496,1.681963
8192,train,119,15597568,1.723417
8192,train,120,15728640,1.743649
8192,train,121,15859712,1.726473
8192,train,122,15990784,1.750107
8192,train,123,16121856,1.721898
8192,train,124,16252928,1.692195
8192,train,125,16384000,1.731914
8192,train,126,16515072,1.707791
8192,train,127,16646144,1.673222
8192,train,128,16777216,1.708384
8192,train,129,16908288,1.709767
8192,train,130,17039360,1.714777
8192,train,131,17170432,1.694625
8192,train,132,17301504,1.692276
8192,validation,0,0,3.206653
8192,validation,50,6553600,1.953112
8192,validation,100,13107200,1.751324
8192,validation,132,17301504,1.689687
32768,train,1,131072,3.169452
32768,train,2,262144,3.161256
32768,train,3,393216,3.107065
32768,train,4,524288,3.184943
32768,train,5,655360,3.154567
32768,train,6,786432,3.180135
32768,train,7,917504,3.120958
32768,train,8,1048576,3.074999
32768,train,9,1179648,3.007845
32768,train,10,1310720,2.96148
32768,train,11,1441792,2.877096
32768,train,12,1572864,2.808657
32768,train,13,1703936,2.754078
32768,train,14,1835008,2.687634
32768,train,15,1966080,2.53571
32768,train,16,2097152,2.455708
32768,train,17,2228224,2.383568
32768,train,18,2359296,2.35808
32768,train,19,2490368,2.334765
32768,train,20,2621440,2.304987
32768,train,21,2752512,2.246865
32768,train,22,2883584,2.272329
32768,train,23,3014656,2.176162
32768,train,24,3145728,2.177723
32768,train,25,3276800,2.166741
32768,train,26,3407872,2.141331
32768,train,27,3538944,2.091074
32768,train,28,3670016,2.08297
32768,train,29,3801088,2.073514
32768,train,30,3932160,2.051106
32768,train,31,4063232,2.01946
32768,train,32,4194304,1.99287
32768,train,33,4325376,2.038931
32768,train,34,4456448,1.968969
32768,train,35,4587520,1.964615
32768,train,36,4718592,1.96677
32768,train,37,4849664,1.968909
32768,train,38,4980736,1.95888
32768,train,39,5111808,1.911315
32768,train,40,5242880,1.935832
32768,train,41,5373952,1.949486
32768,train,42,5505024,1.935237
32768,train,43,5636096,1.903807
32768,train,44,5767168,1.904931
32768,train,45,5898240,1.920395
32768,train,46,6029312,1.895968
32768,train,47,6160384,1.912168
32768,train,48,6291456,1.909907
32768,train,49,6422528,1.88581
32768,train,50,6553600,1.885872
32768,train,51,6684672,1.916902
32768,train,52,6815744,1.901525
32768,train,53,6946816,1.856465
32768,train,54,7077888,1.856136
32768,train,55,7208960,1.836884
32768,train,56,7340032,1.850941
32768,train,57,7471104,1.889859
32768,train,58,7602176,1.851709
32768,train,59,7733248,1.843778
32768,train,60,7864320,1.861803
32768,train,61,7995392,1.85522
32768,train,62,8126464,1.8426
32768,train,63,8257536,1.839108
32768,train,64,8388608,1.822589
32768,train,65,8519680,1.808099
32768,train,66,8650752,1.796673
32768,train,67,8781824,1.813634
32768,train,68,8912896,1.802231
32768,train,69,9043968,1.822995
32768,train,70,9175040,1.788876
32768,train,71,9306112,1.820219
32768,train,72,9437184,1.796581
32768,train,73,9568256,1.827754
32768,train,74,9699328,1.731282
32768,train,75,9830400,1.772236
32768,train,76,9961472,1.796955
32768,train,77,10092544,1.779141
32768,train,78,10223616,1.787498
32768,train,79,10354688,1.736073
32768,train,80,10485760,1.797968
32768,train,81,10616832,1.736761
32768,train,82,10747904,1.749592
32768,train,83,10878976,1.743947
32768,train,84,11010048,1.761601
32768,train,85,11141120,1.708729
32768,train,86,11272192,1.71136
32768,train,87,11403264,1.705872
32768,train,88,11534336,1.686368
32768,train,89,11665408,1.693141
32768,train,90,11796480,1.706774
32768,train,91,11927552,1.709448
32768,train,92,12058624,1.696493
32768,train,93,12189696,1.684818
32768,train,94,12320768,1.694634
32768,train,95,12451840,1.678419
32768,train,96,12582912,1.679769
32768,train,97,12713984,1.707604
32768,train,98,12845056,1.669969
32768,train,99,12976128,1.70013
32768,train,100,13107200,1.682602
32768,train,101,13238272,1.663829
32768,train,102,13369344,1.678345
32768,train,103,13500416,1.692289
32768,train,104,13631488,1.645701
32768,train,105,13762560,1.676595
32768,train,106,13893632,1.666019
32768,train,107,14024704,1.656425
32768,train,108,14155776,1.638132
32768,train,109,14286848,1.647358
32768,train,110,14417920,1.664161
32768,train,111,14548992,1.610895
32768,train,112,14680064,1.639684
32768,train,113,14811136,1.639643
32768,train,114,14942208,1.604605
32768,train,115,15073280,1.618055
32768,train,116,15204352,1.637285
32768,train,117,15335424,1.59492
32768,train,118,15466496,1.626387
32768,train,119,15597568,1.627664
32768,train,120,15728640,1.634372
32768,train,121,15859712,1.556126
32768,train,122,15990784,1.597177
32768,train,123,16121856,1.609054
32768,train,124,16252928,1.586764
32768,train,125,16384000,1.624764
32768,train,126,16515072,1.612463
32768,train,127,16646144,1.590857
32768,train,128,16777216,1.614638
32768,train,129,16908288,1.60776
32768,train,130,17039360,1.575877
32768,train,131,17170432,1.596394
32768,train,132,17301504,1.574127
32768,train,133,17432576,1.592816
32768,train,134,17563648,1.587664
32768,train,135,17694720,1.58516
32768,train,136,17825792,1.610527
32768,train,137,17956864,1.620416
32768,train,138,18087936,1.55406
32768,train,139,18219008,1.584614
32768,train,140,18350080,1.578834
32768,train,141,18481152,1.5455
32768,train,142,18612224,1.543016
32768,train,143,18743296,1.571372
32768,train,144,18874368,1.581035
32768,train,145,19005440,1.545978
32768,train,146,19136512,1.554897
32768,train,147,19267584,1.593808
32768,train,148,19398656,1.548941
32768,train,149,19529728,1.547493
32768,train,150,19660800,1.566145
32768,train,151,19791872,1.587488
32768,train,152,19922944,1.582905
32768,train,153,20054016,1.593953
32768,train,154,20185088,1.533024
32768,train,155,20316160,1.526684
32768,train,156,20447232,1.580096
32768,train,157,20578304,1.542529
32768,train,158,20709376,1.524172
32768,train,159,20840448,1.547776
32768,train,160,20971520,1.536543
32768,train,161,21102592,1.563621
32768,train,162,21233664,1.526748
32768,train,163,21364736,1.560371
32768,train,164,21495808,1.537487
32768,train,165,21626880,1.500903
32768,train,166,21757952,1.529435
32768,train,167,21889024,1.473006
32768,train,168,22020096,1.497205
32768,train,169,22151168,1.507107
32768,train,170,22282240,1.548981
32768,train,171,22413312,1.541893
32768,train,172,22544384,1.586441
32768,train,173,22675456,1.522156
32768,train,174,22806528,1.504395
32768,train,175,22937600,1.500993
32768,train,176,23068672,1.515397
32768,train,177,23199744,1.487471
32768,train,178,23330816,1.520849
32768,train,179,23461888,1.505028
32768,train,180,23592960,1.521864
32768,train,181,23724032,1.518326
32768,train,182,23855104,1.504504
32768,train,183,23986176,1.521885
32768,train,184,24117248,1.476927
32768,train,185,24248320,1.505003
32768,train,186,24379392,1.480952
32768,train,187,24510464,1.517062
32768,train,188,24641536,1.487629
32768,train,189,24772608,1.518851
32768,train,190,24903680,1.492387
32768,train,191,25034752,1.506315
32768,train,192,25165824,1.495477
32768,train,193,25296896,1.501888
32768,train,194,25427968,1.48161
32768,train,195,25559040,1.461671
32768,train,196,25690112,1.486143
32768,train,197,25821184,1.46392
32768,train,198,25952256,1.474662
32768,train,199,26083328,1.484615
32768,train,200,26214400,1.474256
32768,train,201,26345472,1.460739
32768,train,202,26476544,1.49884
32768,train,203,26607616,1.511539
32768,train,204,26738688,1.480814
32768,train,205,26869760,1.453575
32768,train,206,27000832,1.476187
32768,train,207,27131904,1.467406
32768,train,208,27262976,1.483364
32768,train,209,27394048,1.483262
32768,train,210,27525120,1.489654
32768,train,211,27656192,1.423131
32768,train,212,27787264,1.478026
32768,train,213,27918336,1.463762
32768,train,214,28049408,1.449364
32768,train,215,28180480,1.475781
32768,train,216,28311552,1.46397
32768,train,217,28442624,1.461553
32768,train,218,28573696,1.431749
32768,train,219,28704768,1.484924
32768,train,220,28835840,1.474498
32768,train,221,28966912,1.459032
32768,train,222,29097984,1.444758
32768,train,223,29229056,1.448252
32768,train,224,29360128,1.448853
32768,train,225,29491200,1.434324
32768,train,226,29622272,1.442264
32768,train,227,29753344,1.468024
32768,train,228,29884416,1.477081
32768,train,229,30015488,1.44276
32768,train,230,30146560,1.466016
32768,train,231,30277632,1.41319
32768,train,232,30408704,1.424687
32768,train,233,30539776,1.470617
32768,train,234,30670848,1.4149
32768,train,235,30801920,1.473248
32768,train,236,30932992,1.454299
32768,train,237,31064064,1.463976
32768,train,238,31195136,1.47345
32768,train,239,31326208,1.436577
32768,train,240,31457280,1.428906
32768,train,241,31588352,1.449179
32768,train,242,31719424,1.431481
32768,train,243,31850496,1.452688
32768,train,244,31981568,1.40922
32768,train,245,32112640,1.446722
32768,train,246,32243712,1.423066
32768,train,247,32374784,1.42567
32768,train,248,32505856,1.406616
32768,train,249,32636928,1.443791
32768,train,250,32768000,1.427516
32768,train,251,32899072,1.45861
32768,train,252,33030144,1.430909
32768,train,253,33161216,1.42531
32768,train,254,33292288,1.39474
32768,train,255,33423360,1.410223
32768,train,256,33554432,1.415402
32768,train,257,33685504,1.447237
32768,train,258,33816576,1.408712
32768,train,259,33947648,1.404428
32768,train,260,34078720,1.398346
32768,train,261,34209792,1.448878
32768,train,262,34340864,1.393478
32768,train,263,34471936,1.441986
32768,train,264,34603008,1.402943
32768,train,265,34734080,1.430932
32768,train,266,34865152,1.418442
32768,train,267,34996224,1.439181
32768,train,268,35127296,1.429678
32768,train,269,35258368,1.406032
32768,train,270,35389440,1.436973
32768,train,271,35520512,1.456898
32768,train,272,35651584,1.421916
32768,train,273,35782656,1.409863
32768,train,274,35913728,1.403822
32768,train,275,36044800,1.427382
32768,train,276,36175872,1.389017
32768,train,277,36306944,1.407608
32768,train,278,36438016,1.395719
32768,train,279,36569088,1.375973
32768,train,280,36700160,1.393184
32768,train,281,36831232,1.40907
32768,train,282,36962304,1.403618
32768,train,283,37093376,1.40086
32768,train,284,37224448,1.395906
32768,train,285,37355520,1.407464
32768,train,286,37486592,1.413866
32768,train,287,37617664,1.403447
32768,train,288,37748736,1.365936
32768,train,289,37879808,1.404301
32768,train,290,38010880,1.392378
32768,train,291,38141952,1.400322
32768,train,292,38273024,1.414413
32768,train,293,38404096,1.403335
32768,train,294,38535168,1.385086
32768,train,295,38666240,1.39055
32768,train,296,38797312,1.359946
32768,train,297,38928384,1.426269
32768,train,298,39059456,1.390547
32768,train,299,39190528,1.393716
32768,train,300,39321600,1.395223
32768,train,301,39452672,1.401588
32768,train,302,39583744,1.397966
32768,train,303,39714816,1.41316
32768,train,304,39845888,1.373868
32768,train,305,39976960,1.387695
32768,train,306,40108032,1.383145
32768,train,307,40239104,1.406429
32768,train,308,40370176,1.38942
32768,train,309,40501248,1.407324
32768,train,310,40632320,1.375251
32768,train,311,40763392,1.391708
32768,train,312,40894464,1.386915
32768,train,313,41025536,1.38568
32768,train,314,41156608,1.401882
32768,train,315,41287680,1.375462
32768,train,316,41418752,1.381196
32768,train,317,41549824,1.404371
32768,train,318,41680896,1.354794
32768,train,319,41811968,1.40228
32768,train,320,41943040,1.384147
32768,train,321,42074112,1.391766
32768,train,322,42205184,1.374738
32768,train,323,42336256,1.386116
32768,train,324,42467328,1.359746
32768,train,325,42598400,1.378088
32768,train,326,42729472,1.366163
32768,train,327,42860544,1.391848
32768,train,328,42991616,1.36398
32768,train,329,43122688,1.364544
32768,train,330,43253760,1.365746
32768,train,331,43384832,1.390813
32768,train,332,43515904,1.405707
32768,train,333,43646976,1.355352
32768,train,334,43778048,1.393259
32768,train,335,43909120,1.402746
32768,train,336,44040192,1.364262
32768,train,337,44171264,1.365645
32768,train,338,44302336,1.382505
32768,train,339,44433408,1.378562
32768,train,340,44564480,1.400387
32768,train,341,44695552,1.368377
32768,train,342,44826624,1.363577
32768,train,343,44957696,1.370913
32768,train,344,45088768,1.378645
32768,train,345,45219840,1.379486
32768,train,346,45350912,1.354423
32768,train,347,45481984,1.375709
32768,train,348,45613056,1.394314
32768,train,349,45744128,1.382849
32768,train,350,45875200,1.355274
32768,train,351,46006272,1.378182
32768,train,352,46137344,1.364457
32768,train,353,46268416,1.36746
32768,train,354,46399488,1.352928
32768,train,355,46530560,1.374452
32768,train,356,46661632,1.384985
32768,train,357,46792704,1.340992
32768,train,358,46923776,1.356758
32768,train,359,47054848,1.361157
32768,train,360,47185920,1.346269
32768,train,361,47316992,1.37669
32768,train,362,47448064,1.354093
32768,train,363,47579136,1.366142
32768,train,364,47710208,1.35403
32768,train,365,47841280,1.355779
32768,train,366,47972352,1.382795
32768,train,367,48103424,1.358154
32768,train,368,48234496,1.362148
32768,train,369,48365568,1.335364
32768,train,370,48496640,1.363114
32768,train,371,48627712,1.353887
32768,train,372,48758784,1.359815
32768,train,373,48889856,1.388917
32768,train,374,49020928,1.373431
32768,train,375,49152000,1.353483
32768,train,376,49283072,1.372447
32768,train,377,49414144,1.363781
32768,train,378,49545216,1.358062
32768,train,379,49676288,1.350124
32768,train,380,49807360,1.362857
32768,train,381,49938432,1.348593
32768,train,382,50069504,1.388821
32768,train,383,50200576,1.378691
32768,train,384,50331648,1.358246
32768,train,385,50462720,1.335499
32768,train,386,50593792,1.351503
32768,train,387,50724864,1.383642
32768,train,388,50855936,1.363148
32768,train,389,50987008,1.346451
32768,train,390,51118080,1.37134
32768,train,391,51249152,1.365668
32768,train,392,51380224,1.31967
32768,train,393,51511296,1.391232
32768,train,394,51642368,1.382097
32768,train,395,51773440,1.347047
32768,train,396,51904512,1.364553
32768,train,397,52035584,1.384209
32768,train,398,52166656,1.334726
32768,train,399,52297728,1.362524
32768,train,400,52428800,1.359789
32768,train,401,52559872,1.399314
32768,train,402,52690944,1.339411
32768,train,403,52822016,1.363302
32768,train,404,52953088,1.347642
32768,train,405,53084160,1.372086
32768,train,406,53215232,1.35963
32768,train,407,53346304,1.357504
32768,train,408,53477376,1.377926
32768,train,409,53608448,1.351226
32768,train,410,53739520,1.351622
32768,train,411,53870592,1.351237
32768,train,412,54001664,1.348554
32768,train,413,54132736,1.345013
32768,train,414,54263808,1.366111
32768,train,415,54394880,1.376644
32768,train,416,54525952,1.356302
32768,train,417,54657024,1.379077
32768,train,418,54788096,1.352642
32768,train,419,54919168,1.331112
32768,train,420,55050240,1.346556
32768,validation,0,0,3.143134
32768,validation,50,6553600,1.857994
32768,validation,100,13107200,1.645937
32768,validation,150,19660800,1.536836
32768,validation,200,26214400,1.449035
32768,validation,250,32768000,1.397296
32768,validation,300,39321600,1.366381
32768,validation,350,45875200,1.339662
32768,validation,400,52428800,1.324447
32768,validation,420,55050240,1.319983
