vocab_size,step,prompt,prediction
8192,132,The capital of France is,"a 200. The 200, 200, 0"
8192,132,The chemical symbol of gold is,a very high-endment of the world's life of the world's life
8192,132,"If yesterday was Friday, then tomorrow will be","the first step in the 2020, the 2020, 20"
8192,132,The opposite of hot is,a good idea of the world's life. The most common causes of the most
8192,132,The planets of the solar system are:,The first step in the process of the process of the process of the process of
32768,420,The capital of France is,a great way to make a great way to make a great way to make a
32768,420,The chemical symbol of gold is,a chemical symbol of gold and gold. The chemical symbol of gold and gold is
32768,420,"If yesterday was Friday, then tomorrow will be","a little more than 100,000,000,000"
32768,420,The opposite of hot is,the most common cause of the most common cause of the most common cause of the
32768,420,The planets of the solar system are:,the planets that are not the planets that are not the planets. The planets are
